{
    "CRYPTO_20250305114613_6253882396": {
        "user_id": 6253882396,
        "amount": 10.0,
        "type": "topup",
        "payment_method": "crypto",
        "status": "pending",
        "date": "2025-03-05 11:46:13",
        "details": {
            "invoice_id": 21767313,
            "pay_url": "https://t.me/CryptoBot?start=IVk9lLfBiOdr"
        }
    },
    "CRYPTO_20250305115118_6253882396": {
        "user_id": 6253882396,
        "amount": 10.0,
        "type": "topup",
        "payment_method": "crypto",
        "status": "pending",
        "date": "2025-03-05 11:51:18",
        "details": {
            "invoice_id": 21767436,
            "pay_url": "https://t.me/CryptoBot?start=IVGU5h5yq4UR"
        }
    },
    "CRYPTO_20250305115303_6253882396": {
        "user_id": 6253882396,
        "amount": 10.0,
        "type": "topup",
        "payment_method": "crypto",
        "status": "pending",
        "date": "2025-03-05 11:53:03",
        "details": {
            "invoice_id": 21767481,
            "pay_url": "https://t.me/CryptoBot?start=IVWTphdsrWpa"
        }
    },
    "CRYPTO_20250305115633_6253882396": {
        "user_id": 6253882396,
        "amount": 10.0,
        "type": "topup",
        "payment_method": "crypto",
        "status": "pending",
        "date": "2025-03-05 11:56:33",
        "details": {
            "invoice_id": 21767548,
            "pay_url": "https://t.me/CryptoBot?start=IVjExqI9WPHj"
        }
    },
    "CRYPTO_20250305115852_6253882396": {
        "user_id": 6253882396,
        "amount": 10.0,
        "type": "topup",
        "payment_method": "crypto",
        "status": "pending",
        "date": "2025-03-05 11:58:52",
        "details": {
            "invoice_id": 21767595,
            "pay_url": "https://t.me/CryptoBot?start=IVON49UU1Gw9"
        }
    },
    "R20250306151511": {
        "id": "R20250306151511",
        "user_id": 6253882396,
        "date": "2025-03-06 15:15:11",
        "amount": 23.0,
        "type": "purchase",
        "product_id": "prod_1",
        "product_name": "12",
        "position_id": "pos_1",
        "position_name": "12",
        "category_id": "cat_1",
        "category_name": "1",
        "status": "completed"
    }
}