{
    "6253882396": {
        "id": 6253882396,
        "username": "DEXXELED",
        "first_name": "𐌃𐌄𐋄𐋄𐌄𐌋𐌄𐌓 | support",
        "balance": 999999999.0,
        "purchases": [
            "R20250306151511"
        ],
        "join_date": "2025-03-05 11:13:25",
        "last_activity": "2025-03-07 18:04:56",
        "receipts": [
            "CRYPTO_20250305114613_6253882396",
            "CRYPTO_20250305115118_6253882396",
            "CRYPTO_20250305115303_6253882396",
            "CRYPTO_20250305115633_6253882396",
            "CRYPTO_20250305115852_6253882396"
        ]
    },
    "1469685552": {
        "id": 1469685552,
        "username": "sssqliw",
        "first_name": "Михайлов Андрей",
        "balance": 10000.0,
        "purchases": [],
        "join_date": "2025-03-06 15:16:33",
        "last_activity": "2025-03-07 18:05:21"
    },
    "7914681019": {
        "id": 7914681019,
        "username": "usertmd",
        "first_name": "𝙏𝙚𝙖𝙢𝙙𝙖𝙮",
        "balance": 0.0,
        "purchases": [],
        "join_date": "2025-03-07 16:19:21",
        "last_activity": "2025-03-07 16:21:43"
    }
}